Published At,Number of Videos
2024-11-01 00:00:00+00:00,7
2024-11-02 00:00:00+00:00,3
2024-11-03 00:00:00+00:00,9
2024-11-04 00:00:00+00:00,4
2024-11-05 00:00:00+00:00,1
2024-11-06 00:00:00+00:00,6
2024-11-07 00:00:00+00:00,8
2024-11-08 00:00:00+00:00,6
2024-11-09 00:00:00+00:00,5
2024-11-10 00:00:00+00:00,4
2024-11-11 00:00:00+00:00,6
2024-11-12 00:00:00+00:00,8
2024-11-13 00:00:00+00:00,8
2024-11-14 00:00:00+00:00,12
2024-11-15 00:00:00+00:00,8
2024-11-16 00:00:00+00:00,8
2024-11-17 00:00:00+00:00,5
2024-11-18 00:00:00+00:00,3
2024-11-19 00:00:00+00:00,6
2024-11-20 00:00:00+00:00,4
2024-11-21 00:00:00+00:00,15
2024-11-22 00:00:00+00:00,4
2024-11-23 00:00:00+00:00,9
2024-11-24 00:00:00+00:00,6
2024-11-25 00:00:00+00:00,6
2024-11-26 00:00:00+00:00,4
2024-11-27 00:00:00+00:00,4
2024-11-28 00:00:00+00:00,5
2024-11-29 00:00:00+00:00,5
2024-11-30 00:00:00+00:00,2
2024-12-01 00:00:00+00:00,1
2024-12-02 00:00:00+00:00,3
2024-12-03 00:00:00+00:00,3
2024-12-04 00:00:00+00:00,3
2024-12-05 00:00:00+00:00,5
2024-12-06 00:00:00+00:00,1
2024-12-07 00:00:00+00:00,3
2024-12-08 00:00:00+00:00,2
2024-12-09 00:00:00+00:00,3
2024-12-10 00:00:00+00:00,8
2024-12-11 00:00:00+00:00,6
2024-12-12 00:00:00+00:00,6
2024-12-13 00:00:00+00:00,1
2024-12-14 00:00:00+00:00,2
2024-12-15 00:00:00+00:00,5
2024-12-16 00:00:00+00:00,2
2024-12-17 00:00:00+00:00,2
2024-12-18 00:00:00+00:00,5
2024-12-19 00:00:00+00:00,8
2024-12-20 00:00:00+00:00,7
2024-12-21 00:00:00+00:00,6
2024-12-22 00:00:00+00:00,3
2024-12-23 00:00:00+00:00,9
2024-12-24 00:00:00+00:00,3
2024-12-25 00:00:00+00:00,7
2024-12-26 00:00:00+00:00,4
2024-12-27 00:00:00+00:00,1
2024-12-28 00:00:00+00:00,2
2024-12-29 00:00:00+00:00,4
2024-12-30 00:00:00+00:00,3
2024-12-31 00:00:00+00:00,6
2025-01-01 00:00:00+00:00,6
2025-01-02 00:00:00+00:00,5
2025-01-03 00:00:00+00:00,6
2025-01-04 00:00:00+00:00,6
2025-01-05 00:00:00+00:00,8
2025-01-06 00:00:00+00:00,9
2025-01-07 00:00:00+00:00,6
2025-01-08 00:00:00+00:00,15
2025-01-09 00:00:00+00:00,8
2025-01-10 00:00:00+00:00,14
2025-01-11 00:00:00+00:00,19
2025-01-12 00:00:00+00:00,25
2025-01-13 00:00:00+00:00,20
2025-01-14 00:00:00+00:00,17
2025-01-15 00:00:00+00:00,15
2025-01-16 00:00:00+00:00,10
2025-01-17 00:00:00+00:00,16
2025-01-18 00:00:00+00:00,13
2025-01-19 00:00:00+00:00,20
2025-01-20 00:00:00+00:00,14
2025-01-21 00:00:00+00:00,11
2025-01-22 00:00:00+00:00,9
2025-01-23 00:00:00+00:00,18
2025-01-24 00:00:00+00:00,11
2025-01-25 00:00:00+00:00,15
2025-01-26 00:00:00+00:00,16
2025-01-27 00:00:00+00:00,27
2025-01-28 00:00:00+00:00,27
2025-01-29 00:00:00+00:00,32
2025-01-30 00:00:00+00:00,29
2025-01-31 00:00:00+00:00,33
2025-02-01 00:00:00+00:00,5
2025-02-02 00:00:00+00:00,7
2025-02-03 00:00:00+00:00,14
2025-02-04 00:00:00+00:00,10
2025-02-05 00:00:00+00:00,7
2025-02-06 00:00:00+00:00,16
2025-02-07 00:00:00+00:00,15
2025-02-08 00:00:00+00:00,13
2025-02-09 00:00:00+00:00,13
2025-02-10 00:00:00+00:00,6
2025-02-11 00:00:00+00:00,12
2025-02-12 00:00:00+00:00,10
2025-02-13 00:00:00+00:00,15
2025-02-14 00:00:00+00:00,7
2025-02-15 00:00:00+00:00,13
2025-02-16 00:00:00+00:00,3
2025-02-17 00:00:00+00:00,14
2025-02-18 00:00:00+00:00,13
2025-02-19 00:00:00+00:00,9
2025-02-20 00:00:00+00:00,14
2025-02-21 00:00:00+00:00,21
2025-02-22 00:00:00+00:00,17
2025-02-23 00:00:00+00:00,19
2025-02-24 00:00:00+00:00,24
2025-02-25 00:00:00+00:00,13
2025-02-26 00:00:00+00:00,9
2025-02-27 00:00:00+00:00,10
2025-02-28 00:00:00+00:00,15
